<?xml version="1.0" encoding="UTF-8"?>
<project-private xmlns="http://www.netbeans.org/ns/project-private/1">
    <editor-bookmarks xmlns="http://www.netbeans.org/ns/editor-bookmarks/2" lastBookmarkId="0"/>
    <open-files xmlns="http://www.netbeans.org/ns/projectui-open-files/2">
        <group>
            <file>file:/C:/Users/nikhil/Documents/NetBeansProjects/NEW_ATM/src/NEW_DEPOSIT.java</file>
            <file>file:/C:/Users/nikhil/Documents/NetBeansProjects/NEW_ATM/src/NEW_BALANCE_ENQUIRY.java</file>
            <file>file:/C:/Users/nikhil/Documents/NetBeansProjects/NEW_ATM/src/NEW_ATM_TRANSACTION.java</file>
            <file>file:/C:/Users/nikhil/Documents/NetBeansProjects/NEW_ATM/src/NEW_SIGNUP.java</file>
            <file>file:/C:/Users/nikhil/Documents/NetBeansProjects/NEW_ATM/src/NEW_FAST_CASH.java</file>
            <file>file:/C:/Users/nikhil/Documents/NetBeansProjects/NEW_ATM/src/NEW_ATM.java</file>
        </group>
    </open-files>
</project-private>
